title,price,detail
프레시잉 건강하고 신선한 맥반석계란 반숙란 훈제계란 깐계란 구운란 구운계란 30구 60구,"8,500원","['식품품질인증 : HACCP', '형태 : 완숙', '달걀크기 : 대란', '색상별 : 갈색란', '수정여부 : 무정란', '사육환경 : 기존케이지']"
꼬꼬 반숙란 한판(30구) / 반숙계란 영양간식,"13,900원",[]
계림농장 무항생제 구운계란 구운란 훈제란 반숙란 30구,"9,900원","['친환경인증 : 무항생제축산물', '형태 : 완숙', '달걀크기 : 대란', '색상별 : 갈색란']"
"호유란 30개입, 짜지않고 촉촉한 반숙계란 반숙란","15,900원",[]
반숙란 대란 30구(1판)  /프리미엄 계림농장,"11,090원",[]
프레시잉 건강하고 신선한 맥반석계란 반숙란 훈제계란 깐계란 구운란 구운계란 30구 60구,"8,500원","['식품품질인증 : HACCP', '형태 : 완숙', '달걀크기 : 대란', '색상별 : 갈색란', '수정여부 : 무정란', '사육환경 : 기존케이지']"
꼬꼬 반숙란 한판(30구) / 반숙계란 영양간식,"13,900원",[]
계림농장 무항생제 구운계란 구운란 훈제란 반숙란 30구,"9,900원","['친환경인증 : 무항생제축산물', '형태 : 완숙', '달걀크기 : 대란', '색상별 : 갈색란']"
"호유란 30개입, 짜지않고 촉촉한 반숙계란 반숙란","15,900원",[]
반숙란 대란 30구(1판)  /프리미엄 계림농장,"11,090원",[]
프레시잉 건강하고 신선한 맥반석계란 반숙란 훈제계란 깐계란 구운란 구운계란 30구 60구,"8,500원","['식품품질인증 : HACCP', '형태 : 완숙', '달걀크기 : 대란', '색상별 : 갈색란', '수정여부 : 무정란', '사육환경 : 기존케이지']"
꼬꼬 반숙란 한판(30구) / 반숙계란 영양간식,"13,900원",[]
계림농장 무항생제 구운계란 구운란 훈제란 반숙란 30구,"9,900원","['친환경인증 : 무항생제축산물', '형태 : 완숙', '달걀크기 : 대란', '색상별 : 갈색란']"
"호유란 30개입, 짜지않고 촉촉한 반숙계란 반숙란","15,900원",[]
반숙란 대란 30구(1판)  /프리미엄 계림농장,"11,090원",[]
프레시잉 건강하고 신선한 맥반석계란 반숙란 훈제계란 깐계란 구운란 구운계란 30구 60구,"8,500원","['식품품질인증 : HACCP', '형태 : 완숙', '달걀크기 : 대란', '색상별 : 갈색란', '수정여부 : 무정란', '사육환경 : 기존케이지']"
꼬꼬 반숙란 한판(30구) / 반숙계란 영양간식,"13,900원",[]
계림농장 무항생제 구운계란 구운란 훈제란 반숙란 30구,"9,900원","['친환경인증 : 무항생제축산물', '형태 : 완숙', '달걀크기 : 대란', '색상별 : 갈색란']"
"호유란 30개입, 짜지않고 촉촉한 반숙계란 반숙란","15,900원",[]
반숙란 대란 30구(1판)  /프리미엄 계림농장,"11,090원",[]
프레시잉 건강하고 신선한 맥반석계란 반숙란 훈제계란 깐계란 구운란 구운계란 30구 60구,"8,500원","['식품품질인증 : HACCP', '형태 : 완숙', '달걀크기 : 대란', '색상별 : 갈색란', '수정여부 : 무정란', '사육환경 : 기존케이지']"
꼬꼬 반숙란 한판(30구) / 반숙계란 영양간식,"13,900원",[]
계림농장 무항생제 구운계란 구운란 훈제란 반숙란 30구,"9,900원","['친환경인증 : 무항생제축산물', '형태 : 완숙', '달걀크기 : 대란', '색상별 : 갈색란']"
"호유란 30개입, 짜지않고 촉촉한 반숙계란 반숙란","15,900원",[]
반숙란 대란 30구(1판)  /프리미엄 계림농장,"11,090원",[]
프레시잉 건강하고 신선한 맥반석계란 반숙란 훈제계란 깐계란 구운란 구운계란 30구 60구,"8,500원","['식품품질인증 : HACCP', '형태 : 완숙', '달걀크기 : 대란', '색상별 : 갈색란', '수정여부 : 무정란', '사육환경 : 기존케이지']"
꼬꼬 반숙란 한판(30구) / 반숙계란 영양간식,"13,900원",[]
계림농장 무항생제 구운계란 구운란 훈제란 반숙란 30구,"9,900원","['친환경인증 : 무항생제축산물', '형태 : 완숙', '달걀크기 : 대란', '색상별 : 갈색란']"
"호유란 30개입, 짜지않고 촉촉한 반숙계란 반숙란","15,900원",[]
반숙란 대란 30구(1판)  /프리미엄 계림농장,"11,090원",[]
프레시잉 건강하고 신선한 맥반석계란 반숙란 훈제계란 깐계란 구운란 구운계란 30구 60구,"8,500원","['식품품질인증 : HACCP', '형태 : 완숙', '달걀크기 : 대란', '색상별 : 갈색란', '수정여부 : 무정란', '사육환경 : 기존케이지']"
꼬꼬 반숙란 한판(30구) / 반숙계란 영양간식,"13,900원",[]
계림농장 무항생제 구운계란 구운란 훈제란 반숙란 30구,"9,900원","['친환경인증 : 무항생제축산물', '형태 : 완숙', '달걀크기 : 대란', '색상별 : 갈색란']"
"호유란 30개입, 짜지않고 촉촉한 반숙계란 반숙란","15,900원",[]
반숙란 대란 30구(1판)  /프리미엄 계림농장,"11,090원",[]
프레시잉 건강하고 신선한 맥반석계란 반숙란 훈제계란 깐계란 구운란 구운계란 30구 60구,"8,500원","['식품품질인증 : HACCP', '형태 : 완숙', '달걀크기 : 대란', '색상별 : 갈색란', '수정여부 : 무정란', '사육환경 : 기존케이지']"
꼬꼬 반숙란 한판(30구) / 반숙계란 영양간식,"13,900원",[]
계림농장 무항생제 구운계란 구운란 훈제란 반숙란 30구,"9,900원","['친환경인증 : 무항생제축산물', '형태 : 완숙', '달걀크기 : 대란', '색상별 : 갈색란']"
"호유란 30개입, 짜지않고 촉촉한 반숙계란 반숙란","15,900원",[]
반숙란 대란 30구(1판)  /프리미엄 계림농장,"11,090원",[]
프레시잉 건강하고 신선한 맥반석계란 반숙란 훈제계란 깐계란 구운란 구운계란 30구 60구,"8,500원","['식품품질인증 : HACCP', '형태 : 완숙', '달걀크기 : 대란', '색상별 : 갈색란', '수정여부 : 무정란', '사육환경 : 기존케이지']"
꼬꼬 반숙란 한판(30구) / 반숙계란 영양간식,"13,900원",[]
계림농장 무항생제 구운계란 구운란 훈제란 반숙란 30구,"9,900원","['친환경인증 : 무항생제축산물', '형태 : 완숙', '달걀크기 : 대란', '색상별 : 갈색란']"
"호유란 30개입, 짜지않고 촉촉한 반숙계란 반숙란","15,900원",[]
반숙란 대란 30구(1판)  /프리미엄 계림농장,"11,090원",[]
프레시잉 건강하고 신선한 맥반석계란 반숙란 훈제계란 깐계란 구운란 구운계란 30구 60구,"8,500원","['식품품질인증 : HACCP', '형태 : 완숙', '달걀크기 : 대란', '색상별 : 갈색란', '수정여부 : 무정란', '사육환경 : 기존케이지']"
꼬꼬 반숙란 한판(30구) / 반숙계란 영양간식,"13,900원",[]
계림농장 무항생제 구운계란 구운란 훈제란 반숙란 30구,"9,900원","['친환경인증 : 무항생제축산물', '형태 : 완숙', '달걀크기 : 대란', '색상별 : 갈색란']"
"호유란 30개입, 짜지않고 촉촉한 반숙계란 반숙란","15,900원",[]
반숙란 대란 30구(1판)  /프리미엄 계림농장,"11,090원",[]
